material_from,c_kPa,phi_deg,gamma_kNm3,n_decks,deck_height_m,deck_angle_deg,berm_width_m,H_m,overall_angle_deg,r_u,dgms_ok,FOS_bishop_this_code,FOS_rs2_ssr,FOS_slide2_bishop_optional,FOS_flac_optional
Gevra OCP,44.0,30.0,18.63,1,30,33,0,30,33.0,0.0,True,1.824,,,
Gevra OCP,44.0,30.0,18.63,2,30,32,30,60,25.46,0.0,True,1.869,,,
Gevra OCP,44.0,30.0,18.63,3,30,32,30,90,23.8,0.0,True,1.888,,,
Gevra OCP,44.0,30.0,18.63,3,30,32,30,90,23.8,0.25,True,1.471,,,
Gevra OCP,44.0,30.0,18.63,4,25,34,25,100,24.13,0.0,True,1.844,,,
Kusmunda OCP,48.0,24.0,17.65,1,30,33,0,30,33.0,0.0,True,1.657,,,
Kusmunda OCP,48.0,24.0,17.65,2,30,32,30,60,25.46,0.0,True,1.7,,,
Kusmunda OCP,48.0,24.0,17.65,3,30,32,30,90,23.8,0.0,True,1.608,,,
Kusmunda OCP,48.0,24.0,17.65,3,30,32,30,90,23.8,0.25,True,1.255,,,
Kusmunda OCP,48.0,24.0,17.65,4,25,34,25,100,24.13,0.0,True,1.535,,,
Baroud OCP,50.0,31.0,19.6,1,30,33,0,30,33.0,0.0,True,1.925,,,
Baroud OCP,50.0,31.0,19.6,2,30,32,30,60,25.46,0.0,True,1.972,,,
Baroud OCP,50.0,31.0,19.6,3,30,32,30,90,23.8,0.0,True,1.992,,,
Baroud OCP,50.0,31.0,19.6,3,30,32,30,90,23.8,0.25,True,1.544,,,
Baroud OCP,50.0,31.0,19.6,4,25,34,25,100,24.13,0.0,True,1.929,,,
Jagannathpur OCP,81.35,7.77,27.0,1,30,33,0,30,33.0,0.0,True,1.06,,,
Jagannathpur OCP,81.35,7.77,27.0,2,30,32,30,60,25.46,0.0,True,0.885,,,
Jagannathpur OCP,81.35,7.77,27.0,3,30,32,30,90,23.8,0.0,True,0.747,,,
Jagannathpur OCP,81.35,7.77,27.0,3,30,32,30,90,23.8,0.25,True,0.628,,,
Jagannathpur OCP,81.35,7.77,27.0,4,25,34,25,100,24.13,0.0,True,0.699,,,
