timestamp,displacement_mm,rainfall_mm
2026-07-01 00:00:00,0.81,2.9
2026-07-01 06:00:00,0.81,0.0
2026-07-01 12:00:00,0.81,0.0
2026-07-01 18:00:00,0.81,0.0
2026-07-02 00:00:00,0.86,0.0
2026-07-02 06:00:00,1.14,0.0
2026-07-02 12:00:00,1.14,0.0
2026-07-02 18:00:00,1.53,0.0
2026-07-03 00:00:00,1.54,0.0
2026-07-03 06:00:00,3.0,0.0
2026-07-03 12:00:00,3.0,12.4
2026-07-03 18:00:00,3.0,0.0
2026-07-04 00:00:00,3.0,0.9
2026-07-04 06:00:00,3.0,0.0
2026-07-04 12:00:00,3.0,14.2
2026-07-04 18:00:00,3.08,0.0
2026-07-05 00:00:00,3.54,16.3
2026-07-05 06:00:00,3.54,0.5
2026-07-05 12:00:00,4.09,0.0
2026-07-05 18:00:00,4.09,0.0
2026-07-06 00:00:00,4.21,0.0
2026-07-06 06:00:00,4.86,0.5
2026-07-06 12:00:00,4.86,0.0
2026-07-06 18:00:00,4.86,0.0
2026-07-07 00:00:00,4.95,17.5
2026-07-07 06:00:00,5.36,0.0
2026-07-07 12:00:00,5.98,0.0
2026-07-07 18:00:00,5.98,0.0
2026-07-08 00:00:00,5.98,0.0
2026-07-08 06:00:00,6.3,0.0
2026-07-08 12:00:00,6.3,0.9
2026-07-08 18:00:00,6.31,0.0
2026-07-09 00:00:00,6.86,0.0
2026-07-09 06:00:00,6.97,0.0
2026-07-09 12:00:00,7.03,0.0
2026-07-09 18:00:00,7.4,0.0
2026-07-10 00:00:00,7.4,0.4
2026-07-10 06:00:00,7.91,0.0
2026-07-10 12:00:00,7.91,9.8
2026-07-10 18:00:00,7.91,0.0
2026-07-11 00:00:00,8.28,0.0
2026-07-11 06:00:00,8.61,0.0
2026-07-11 12:00:00,8.61,0.0
2026-07-11 18:00:00,8.61,0.2
2026-07-12 00:00:00,9.01,22.2
2026-07-12 06:00:00,9.18,0.0
2026-07-12 12:00:00,9.82,0.0
2026-07-12 18:00:00,9.82,0.0
2026-07-13 00:00:00,9.86,0.0
2026-07-13 06:00:00,10.33,10.3
2026-07-13 12:00:00,10.33,0.0
2026-07-13 18:00:00,10.33,13.3
2026-07-14 00:00:00,10.78,0.0
2026-07-14 06:00:00,10.97,0.0
2026-07-14 12:00:00,10.97,2.6
2026-07-14 18:00:00,10.97,0.2
2026-07-15 00:00:00,11.47,0.0
2026-07-15 06:00:00,11.47,0.0
2026-07-15 12:00:00,12.01,1.2
2026-07-15 18:00:00,12.15,0.0
2026-07-16 00:00:00,12.15,0.0
2026-07-16 06:00:00,12.42,0.0
2026-07-16 12:00:00,12.42,0.1
2026-07-16 18:00:00,13.03,10.7
2026-07-17 00:00:00,13.03,0.0
2026-07-17 06:00:00,13.03,0.0
2026-07-17 12:00:00,13.61,0.4
2026-07-17 18:00:00,13.95,0.0
2026-07-18 00:00:00,13.95,0.0
2026-07-18 06:00:00,13.95,0.3
2026-07-18 12:00:00,14.3,0.0
2026-07-18 18:00:00,14.3,0.0
2026-07-19 00:00:00,15.08,0.0
2026-07-19 06:00:00,15.08,0.0
2026-07-19 12:00:00,15.11,0.0
2026-07-19 18:00:00,15.11,0.0
2026-07-20 00:00:00,15.82,0.0
2026-07-20 06:00:00,15.82,0.0
2026-07-20 12:00:00,15.82,0.0
2026-07-20 18:00:00,15.82,0.0
2026-07-21 00:00:00,16.7,0.0
2026-07-21 06:00:00,16.7,0.1
2026-07-21 12:00:00,16.83,0.0
2026-07-21 18:00:00,17.14,0.0
2026-07-22 00:00:00,17.14,0.0
2026-07-22 06:00:00,17.14,0.0
2026-07-22 12:00:00,17.16,0.0
2026-07-22 18:00:00,17.36,0.0
2026-07-23 00:00:00,18.21,0.0
2026-07-23 06:00:00,18.21,0.0
2026-07-23 12:00:00,18.21,0.0
2026-07-23 18:00:00,18.3,0.0
2026-07-24 00:00:00,18.67,0.0
2026-07-24 06:00:00,18.97,0.0
2026-07-24 12:00:00,18.97,0.0
2026-07-24 18:00:00,18.97,0.0
2026-07-25 00:00:00,19.4,5.5
2026-07-25 06:00:00,19.96,0.0
2026-07-25 12:00:00,20.03,0.0
2026-07-25 18:00:00,20.06,0.1
2026-07-26 00:00:00,20.12,3.0
2026-07-26 06:00:00,20.53,3.2
2026-07-26 12:00:00,20.61,0.0
2026-07-26 18:00:00,21.19,0.0
2026-07-27 00:00:00,21.19,0.0
2026-07-27 06:00:00,21.55,0.0
2026-07-27 12:00:00,21.78,0.0
2026-07-27 18:00:00,22.3,0.0
2026-07-28 00:00:00,22.54,0.0
2026-07-28 06:00:00,23.59,0.0
2026-07-28 12:00:00,23.65,6.3
2026-07-28 18:00:00,24.04,1.1
2026-07-29 00:00:00,24.04,0.0
2026-07-29 06:00:00,24.33,0.0
2026-07-29 12:00:00,24.69,0.0
2026-07-29 18:00:00,25.5,0.0
2026-07-30 00:00:00,25.5,0.0
2026-07-30 06:00:00,26.7,0.0
2026-07-30 12:00:00,27.19,0.0
2026-07-30 18:00:00,27.19,0.6
2026-07-31 00:00:00,27.71,0.0
2026-07-31 06:00:00,28.36,0.0
2026-07-31 12:00:00,29.24,5.4
2026-07-31 18:00:00,30.07,0.0
2026-08-01 00:00:00,31.17,5.3
2026-08-01 06:00:00,31.19,0.0
2026-08-01 12:00:00,32.21,0.0
2026-08-01 18:00:00,32.78,0.0
2026-08-02 00:00:00,34.05,0.0
2026-08-02 06:00:00,34.56,0.0
2026-08-02 12:00:00,35.59,0.0
2026-08-02 18:00:00,35.73,0.0
2026-08-03 00:00:00,36.91,0.0
2026-08-03 06:00:00,37.67,0.0
2026-08-03 12:00:00,39.34,0.0
2026-08-03 18:00:00,40.1,0.0
2026-08-04 00:00:00,40.86,0.0
2026-08-04 06:00:00,41.91,0.0
2026-08-04 12:00:00,43.32,0.0
2026-08-04 18:00:00,44.14,0.0
2026-08-05 00:00:00,45.29,8.1
2026-08-05 06:00:00,46.98,0.0
2026-08-05 12:00:00,48.88,0.0
2026-08-05 18:00:00,49.43,0.0
2026-08-06 00:00:00,50.74,0.0
2026-08-06 06:00:00,52.02,0.0
2026-08-06 12:00:00,53.49,0.0
2026-08-06 18:00:00,55.63,0.0
2026-08-07 00:00:00,57.36,0.0
2026-08-07 06:00:00,58.81,0.0
2026-08-07 12:00:00,60.67,0.4
2026-08-07 18:00:00,62.44,0.0
2026-08-08 00:00:00,64.36,0.0
2026-08-08 06:00:00,65.85,0.0
2026-08-08 12:00:00,68.24,0.0
2026-08-08 18:00:00,70.56,0.0
2026-08-09 00:00:00,72.53,0.0
2026-08-09 06:00:00,74.96,0.0
2026-08-09 12:00:00,77.3,0.0
2026-08-09 18:00:00,79.99,11.3
2026-08-10 00:00:00,83.01,0.0
2026-08-10 06:00:00,85.41,0.0
2026-08-10 12:00:00,88.4,0.0
2026-08-10 18:00:00,91.73,0.0
2026-08-11 00:00:00,94.88,0.0
2026-08-11 06:00:00,98.55,4.1
2026-08-11 12:00:00,100.94,0.0
2026-08-11 18:00:00,105.53,0.0
2026-08-12 00:00:00,109.04,0.0
2026-08-12 06:00:00,113.35,0.0
2026-08-12 12:00:00,117.93,4.9
2026-08-12 18:00:00,122.62,0.0
2026-08-13 00:00:00,127.52,0.0
2026-08-13 06:00:00,132.48,0.0
2026-08-13 12:00:00,138.49,0.0
2026-08-13 18:00:00,143.89,0.0
2026-08-14 00:00:00,150.35,0.0
2026-08-14 06:00:00,157.54,1.3
2026-08-14 12:00:00,164.61,0.0
2026-08-14 18:00:00,173.57,0.0
