case_id,mine,subsidiary,site,region,material,c_kPa,phi_deg,gamma_kNm3,n_decks,deck_height_m,berm_width_m,deck_angle_deg,H_m,beta_overall_deg,moisture_pct,r_u,FOS,fos_method,status,use_for_training,source,notes,study,dgms_compliant
R001,Gevra OCP,SECL,Gevra OCP,Chhattisgarh,coal OB,44.0,30.0,18.63,3.0,30.0,30.0,32.0,90.0,24.0,,0.0,1.94,RS2 (FEM shear strength reduction),complete,True,"NIT Rourkela (2025) Safety and feasibility study of filling of fly ash in eight opencast mines of South Eastern Coalfields Limited. Project No. C3/23/MN/049, Department of Mining Engineering, National Institute of Technology Rourkela, July 2025",FOS computed in RS2 (Rocscience); r_u=0 assumed (dry analysis) - confirm from report,NIT Rourkela SECL study (RS2),yes
R002,Kusmunda OCP,SECL,Kusmunda OCP,Chhattisgarh,coal OB,48.0,24.0,17.65,3.0,30.0,30.0,32.0,90.0,24.0,,0.0,1.616,RS2 (FEM shear strength reduction),complete,True,"NIT Rourkela (2025) Safety and feasibility study of filling of fly ash in eight opencast mines of South Eastern Coalfields Limited. Project No. C3/23/MN/049, Department of Mining Engineering, National Institute of Technology Rourkela, July 2025",FOS computed in RS2 (Rocscience); r_u=0 assumed (dry analysis) - confirm from report,NIT Rourkela SECL study (RS2),yes
R003,Dipka OCP,SECL,Dipka OCP,Chhattisgarh,coal OB,43.0,26.0,17.65,3.0,30.0,30.0,32.0,90.0,24.0,,0.0,1.701,RS2 (FEM shear strength reduction),complete,True,"NIT Rourkela (2025) Safety and feasibility study of filling of fly ash in eight opencast mines of South Eastern Coalfields Limited. Project No. C3/23/MN/049, Department of Mining Engineering, National Institute of Technology Rourkela, July 2025",FOS computed in RS2 (Rocscience); r_u=0 assumed (dry analysis) - confirm from report,NIT Rourkela SECL study (RS2),yes
R004,Manikpur OCP,SECL,Manikpur OCP,Chhattisgarh,coal OB,42.0,28.0,20.59,3.0,30.0,30.0,32.0,90.0,24.0,,0.0,1.766,RS2 (FEM shear strength reduction),complete,True,"NIT Rourkela (2025) Safety and feasibility study of filling of fly ash in eight opencast mines of South Eastern Coalfields Limited. Project No. C3/23/MN/049, Department of Mining Engineering, National Institute of Technology Rourkela, July 2025",FOS computed in RS2 (Rocscience); r_u=0 assumed (dry analysis) - confirm from report,NIT Rourkela SECL study (RS2),yes
R005,Chhal OCP,SECL,Chhal OCP,Chhattisgarh,coal OB,45.0,30.5,21.57,3.0,30.0,30.0,32.0,90.0,24.0,,0.0,1.926,RS2 (FEM shear strength reduction),complete,True,"NIT Rourkela (2025) Safety and feasibility study of filling of fly ash in eight opencast mines of South Eastern Coalfields Limited. Project No. C3/23/MN/049, Department of Mining Engineering, National Institute of Technology Rourkela, July 2025",FOS computed in RS2 (Rocscience); r_u=0 assumed (dry analysis) - confirm from report,NIT Rourkela SECL study (RS2),yes
R006,Baroud OCP,SECL,Baroud OCP,Chhattisgarh,coal OB,50.0,31.0,19.6,3.0,30.0,30.0,32.0,90.0,24.0,,0.0,2.034,RS2 (FEM shear strength reduction),complete,True,"NIT Rourkela (2025) Safety and feasibility study of filling of fly ash in eight opencast mines of South Eastern Coalfields Limited. Project No. C3/23/MN/049, Department of Mining Engineering, National Institute of Technology Rourkela, July 2025",FOS computed in RS2 (Rocscience); r_u=0 assumed (dry analysis) - confirm from report,NIT Rourkela SECL study (RS2),yes
R007,Shada OCM,SECL,Shada OCM,Chhattisgarh,coal OB,43.0,28.1,15.69,3.0,30.0,30.0,32.0,90.0,24.0,,0.0,1.888,RS2 (FEM shear strength reduction),complete,True,"NIT Rourkela (2025) Safety and feasibility study of filling of fly ash in eight opencast mines of South Eastern Coalfields Limited. Project No. C3/23/MN/049, Department of Mining Engineering, National Institute of Technology Rourkela, July 2025",FOS computed in RS2 (Rocscience); r_u=0 assumed (dry analysis) - confirm from report,NIT Rourkela SECL study (RS2),yes
R008,Kanchan OCP,SECL,Kanchan OCP,Chhattisgarh,coal OB,46.0,27.5,18.63,3.0,30.0,30.0,32.0,90.0,24.0,,0.0,1.799,RS2 (FEM shear strength reduction),complete,True,"NIT Rourkela (2025) Safety and feasibility study of filling of fly ash in eight opencast mines of South Eastern Coalfields Limited. Project No. C3/23/MN/049, Department of Mining Engineering, National Institute of Technology Rourkela, July 2025",FOS computed in RS2 (Rocscience); r_u=0 assumed (dry analysis) - confirm from report,NIT Rourkela SECL study (RS2),yes
R009,"Jagannathpur OCP (H 30 m, bench 27 deg)",SECL (Bhatgaon Area),Jagannathpur OCP,Chhattisgarh,coal OB,81.35,7.77,27.0,1.0,30.0,0.0,27.0,30.0,27.0,,0.0,1.38,FLAC/Slope (FDM strength reduction),complete,True,"Chourasia K., Ravi S., Khare R.N. (2025) Slope stability analysis for optimisation of OB dump in opencast coal mines - case study on Jagannathpur OCP, Chhattisgarh. Research Square preprint, doi:10.21203/rs.3.rs-8013159/v1 (Tables 2-6)","Triaxial mean c, phi; gamma 27 as used by authors; 30 m benches; berm 30 m assumed (CMR 2017 minimum quoted by authors); phreatic surface at base (external dump)",Jagannathpur study (FLAC/Slope),yes
R010,"Jagannathpur OCP (H 60 m, bench 27 deg)",SECL (Bhatgaon Area),Jagannathpur OCP,Chhattisgarh,coal OB,81.35,7.77,27.0,2.0,30.0,30.0,27.0,60.0,22.1,,0.0,1.17,FLAC/Slope (FDM strength reduction),complete,True,"Chourasia K., Ravi S., Khare R.N. (2025) Slope stability analysis for optimisation of OB dump in opencast coal mines - case study on Jagannathpur OCP, Chhattisgarh. Research Square preprint, doi:10.21203/rs.3.rs-8013159/v1 (Tables 2-6)","Triaxial mean c, phi; gamma 27 as used by authors; 30 m benches; berm 30 m assumed (CMR 2017 minimum quoted by authors); phreatic surface at base (external dump)",Jagannathpur study (FLAC/Slope),yes
R011,"Jagannathpur OCP (H 90 m, bench 27 deg)",SECL (Bhatgaon Area),Jagannathpur OCP,Chhattisgarh,coal OB,81.35,7.77,27.0,3.0,30.0,30.0,27.0,90.0,20.82,,0.0,1.05,FLAC/Slope (FDM strength reduction),complete,True,"Chourasia K., Ravi S., Khare R.N. (2025) Slope stability analysis for optimisation of OB dump in opencast coal mines - case study on Jagannathpur OCP, Chhattisgarh. Research Square preprint, doi:10.21203/rs.3.rs-8013159/v1 (Tables 2-6)","Triaxial mean c, phi; gamma 27 as used by authors; 30 m benches; berm 30 m assumed (CMR 2017 minimum quoted by authors); phreatic surface at base (external dump)",Jagannathpur study (FLAC/Slope),yes
R012,"Jagannathpur OCP (H 30 m, bench 28 deg)",SECL (Bhatgaon Area),Jagannathpur OCP,Chhattisgarh,coal OB,81.35,7.77,27.0,1.0,30.0,0.0,28.0,30.0,28.0,,0.0,1.4,FLAC/Slope (FDM strength reduction),complete,True,"Chourasia K., Ravi S., Khare R.N. (2025) Slope stability analysis for optimisation of OB dump in opencast coal mines - case study on Jagannathpur OCP, Chhattisgarh. Research Square preprint, doi:10.21203/rs.3.rs-8013159/v1 (Tables 2-6)","Triaxial mean c, phi; gamma 27 as used by authors; 30 m benches; berm 30 m assumed (CMR 2017 minimum quoted by authors); phreatic surface at base (external dump)",Jagannathpur study (FLAC/Slope),yes
R013,"Jagannathpur OCP (H 60 m, bench 28 deg)",SECL (Bhatgaon Area),Jagannathpur OCP,Chhattisgarh,coal OB,81.35,7.77,27.0,2.0,30.0,30.0,28.0,60.0,22.78,,0.0,1.21,FLAC/Slope (FDM strength reduction),complete,True,"Chourasia K., Ravi S., Khare R.N. (2025) Slope stability analysis for optimisation of OB dump in opencast coal mines - case study on Jagannathpur OCP, Chhattisgarh. Research Square preprint, doi:10.21203/rs.3.rs-8013159/v1 (Tables 2-6)","Triaxial mean c, phi; gamma 27 as used by authors; 30 m benches; berm 30 m assumed (CMR 2017 minimum quoted by authors); phreatic surface at base (external dump)",Jagannathpur study (FLAC/Slope),yes
R014,"Jagannathpur OCP (H 90 m, bench 28 deg)",SECL (Bhatgaon Area),Jagannathpur OCP,Chhattisgarh,coal OB,81.35,7.77,27.0,3.0,30.0,30.0,28.0,90.0,21.43,,0.0,1.03,FLAC/Slope (FDM strength reduction),complete,True,"Chourasia K., Ravi S., Khare R.N. (2025) Slope stability analysis for optimisation of OB dump in opencast coal mines - case study on Jagannathpur OCP, Chhattisgarh. Research Square preprint, doi:10.21203/rs.3.rs-8013159/v1 (Tables 2-6)","Triaxial mean c, phi; gamma 27 as used by authors; 30 m benches; berm 30 m assumed (CMR 2017 minimum quoted by authors); phreatic surface at base (external dump)",Jagannathpur study (FLAC/Slope),yes
R015,"Jagannathpur OCP (H 30 m, bench 29 deg)",SECL (Bhatgaon Area),Jagannathpur OCP,Chhattisgarh,coal OB,81.35,7.77,27.0,1.0,30.0,0.0,29.0,30.0,29.0,,0.0,1.37,FLAC/Slope (FDM strength reduction),complete,True,"Chourasia K., Ravi S., Khare R.N. (2025) Slope stability analysis for optimisation of OB dump in opencast coal mines - case study on Jagannathpur OCP, Chhattisgarh. Research Square preprint, doi:10.21203/rs.3.rs-8013159/v1 (Tables 2-6)","Triaxial mean c, phi; gamma 27 as used by authors; 30 m benches; berm 30 m assumed (CMR 2017 minimum quoted by authors); phreatic surface at base (external dump)",Jagannathpur study (FLAC/Slope),yes
R016,"Jagannathpur OCP (H 60 m, bench 29 deg)",SECL (Bhatgaon Area),Jagannathpur OCP,Chhattisgarh,coal OB,81.35,7.77,27.0,2.0,30.0,30.0,29.0,60.0,23.46,,0.0,1.19,FLAC/Slope (FDM strength reduction),complete,True,"Chourasia K., Ravi S., Khare R.N. (2025) Slope stability analysis for optimisation of OB dump in opencast coal mines - case study on Jagannathpur OCP, Chhattisgarh. Research Square preprint, doi:10.21203/rs.3.rs-8013159/v1 (Tables 2-6)","Triaxial mean c, phi; gamma 27 as used by authors; 30 m benches; berm 30 m assumed (CMR 2017 minimum quoted by authors); phreatic surface at base (external dump)",Jagannathpur study (FLAC/Slope),yes
R017,"Jagannathpur OCP (H 90 m, bench 29 deg)",SECL (Bhatgaon Area),Jagannathpur OCP,Chhattisgarh,coal OB,81.35,7.77,27.0,3.0,30.0,30.0,29.0,90.0,22.04,,0.0,0.97,FLAC/Slope (FDM strength reduction),complete,True,"Chourasia K., Ravi S., Khare R.N. (2025) Slope stability analysis for optimisation of OB dump in opencast coal mines - case study on Jagannathpur OCP, Chhattisgarh. Research Square preprint, doi:10.21203/rs.3.rs-8013159/v1 (Tables 2-6)","Triaxial mean c, phi; gamma 27 as used by authors; 30 m benches; berm 30 m assumed (CMR 2017 minimum quoted by authors); phreatic surface at base (external dump)",Jagannathpur study (FLAC/Slope),yes
R018,"Jagannathpur OCP (H 30 m, bench 30 deg)",SECL (Bhatgaon Area),Jagannathpur OCP,Chhattisgarh,coal OB,81.35,7.77,27.0,1.0,30.0,0.0,30.0,30.0,30.0,,0.0,1.29,FLAC/Slope (FDM strength reduction),complete,True,"Chourasia K., Ravi S., Khare R.N. (2025) Slope stability analysis for optimisation of OB dump in opencast coal mines - case study on Jagannathpur OCP, Chhattisgarh. Research Square preprint, doi:10.21203/rs.3.rs-8013159/v1 (Tables 2-6)","Triaxial mean c, phi; gamma 27 as used by authors; 30 m benches; berm 30 m assumed (CMR 2017 minimum quoted by authors); phreatic surface at base (external dump)",Jagannathpur study (FLAC/Slope),yes
R019,"Jagannathpur OCP (H 60 m, bench 30 deg)",SECL (Bhatgaon Area),Jagannathpur OCP,Chhattisgarh,coal OB,81.35,7.77,27.0,2.0,30.0,30.0,30.0,60.0,24.13,,0.0,1.12,FLAC/Slope (FDM strength reduction),complete,True,"Chourasia K., Ravi S., Khare R.N. (2025) Slope stability analysis for optimisation of OB dump in opencast coal mines - case study on Jagannathpur OCP, Chhattisgarh. Research Square preprint, doi:10.21203/rs.3.rs-8013159/v1 (Tables 2-6)","Triaxial mean c, phi; gamma 27 as used by authors; 30 m benches; berm 30 m assumed (CMR 2017 minimum quoted by authors); phreatic surface at base (external dump)",Jagannathpur study (FLAC/Slope),yes
R020,"Jagannathpur OCP (H 90 m, bench 30 deg)",SECL (Bhatgaon Area),Jagannathpur OCP,Chhattisgarh,coal OB,81.35,7.77,27.0,3.0,30.0,30.0,30.0,90.0,22.63,,0.0,0.94,FLAC/Slope (FDM strength reduction),complete,True,"Chourasia K., Ravi S., Khare R.N. (2025) Slope stability analysis for optimisation of OB dump in opencast coal mines - case study on Jagannathpur OCP, Chhattisgarh. Research Square preprint, doi:10.21203/rs.3.rs-8013159/v1 (Tables 2-6)","Triaxial mean c, phi; gamma 27 as used by authors; 30 m benches; berm 30 m assumed (CMR 2017 minimum quoted by authors); phreatic surface at base (external dump)",Jagannathpur study (FLAC/Slope),yes
R021,"WCL internal dump, Wardha Valley (75 m, 43 deg)",WCL,"WCL internal dump, Wardha Valley",Maharashtra,coal OB,88.6,24.6,24.4,1.0,75.0,0.0,43.0,75.0,43.0,,0.0,0.8,FEM shear-strength reduction,complete,True,"Kainthola A., Verma D., Gupte S.S., Singh T.N. (2011) A coal mine dump stability analysis - a case study. Geomaterials 1(1):1-13, doi:10.4236/gm.2011.11001 (Tables 1-3)","Mean peak strength of 6 samples tested at 30% saturation; residual c 36.5 kPa, phi 21.5 deg. 43 deg row is the actual failure (back-analysed SRF 0.8)","Kainthola et al. 2011, WCL (FEM-SRM)",no: Deck angle 43.0 deg exceeds 37.5 deg (allowed only with a scientific-study recommendation and DGMS order); Dump is 75 m high but a bench is 75 m; benches must not exceed 30 m; Overall slope 43.0 deg is steeper than 1V:1.5H (33.7 deg)
R022,"WCL internal dump, Wardha Valley (75 m, 41 deg)",WCL,"WCL internal dump, Wardha Valley",Maharashtra,coal OB,88.6,24.6,24.4,1.0,75.0,0.0,41.0,75.0,41.0,,0.0,0.82,FEM shear-strength reduction,complete,True,"Kainthola A., Verma D., Gupte S.S., Singh T.N. (2011) A coal mine dump stability analysis - a case study. Geomaterials 1(1):1-13, doi:10.4236/gm.2011.11001 (Tables 1-3)","Mean peak strength of 6 samples tested at 30% saturation; residual c 36.5 kPa, phi 21.5 deg. 43 deg row is the actual failure (back-analysed SRF 0.8)","Kainthola et al. 2011, WCL (FEM-SRM)",no: Deck angle 41.0 deg exceeds 37.5 deg (allowed only with a scientific-study recommendation and DGMS order); Dump is 75 m high but a bench is 75 m; benches must not exceed 30 m; Overall slope 41.0 deg is steeper than 1V:1.5H (33.7 deg)
R023,"WCL internal dump, Wardha Valley (75 m, 39 deg)",WCL,"WCL internal dump, Wardha Valley",Maharashtra,coal OB,88.6,24.6,24.4,1.0,75.0,0.0,39.0,75.0,39.0,,0.0,0.87,FEM shear-strength reduction,complete,True,"Kainthola A., Verma D., Gupte S.S., Singh T.N. (2011) A coal mine dump stability analysis - a case study. Geomaterials 1(1):1-13, doi:10.4236/gm.2011.11001 (Tables 1-3)","Mean peak strength of 6 samples tested at 30% saturation; residual c 36.5 kPa, phi 21.5 deg. 43 deg row is the actual failure (back-analysed SRF 0.8)","Kainthola et al. 2011, WCL (FEM-SRM)",no: Deck angle 39.0 deg exceeds 37.5 deg (allowed only with a scientific-study recommendation and DGMS order); Dump is 75 m high but a bench is 75 m; benches must not exceed 30 m; Overall slope 39.0 deg is steeper than 1V:1.5H (33.7 deg)
R024,"WCL internal dump, Wardha Valley (75 m, 37 deg)",WCL,"WCL internal dump, Wardha Valley",Maharashtra,coal OB,88.6,24.6,24.4,1.0,75.0,0.0,37.0,75.0,37.0,,0.0,0.92,FEM shear-strength reduction,complete,True,"Kainthola A., Verma D., Gupte S.S., Singh T.N. (2011) A coal mine dump stability analysis - a case study. Geomaterials 1(1):1-13, doi:10.4236/gm.2011.11001 (Tables 1-3)","Mean peak strength of 6 samples tested at 30% saturation; residual c 36.5 kPa, phi 21.5 deg. 43 deg row is the actual failure (back-analysed SRF 0.8)","Kainthola et al. 2011, WCL (FEM-SRM)",no: Dump is 75 m high but a bench is 75 m; benches must not exceed 30 m; Overall slope 37.0 deg is steeper than 1V:1.5H (33.7 deg)
R025,"WCL internal dump, Wardha Valley (75 m, 35 deg)",WCL,"WCL internal dump, Wardha Valley",Maharashtra,coal OB,88.6,24.6,24.4,1.0,75.0,0.0,35.0,75.0,35.0,,0.0,0.94,FEM shear-strength reduction,complete,True,"Kainthola A., Verma D., Gupte S.S., Singh T.N. (2011) A coal mine dump stability analysis - a case study. Geomaterials 1(1):1-13, doi:10.4236/gm.2011.11001 (Tables 1-3)","Mean peak strength of 6 samples tested at 30% saturation; residual c 36.5 kPa, phi 21.5 deg. 43 deg row is the actual failure (back-analysed SRF 0.8)","Kainthola et al. 2011, WCL (FEM-SRM)",no: Dump is 75 m high but a bench is 75 m; benches must not exceed 30 m; Overall slope 35.0 deg is steeper than 1V:1.5H (33.7 deg)
R026,"WCL internal dump, Wardha Valley (75 m, 33 deg)",WCL,"WCL internal dump, Wardha Valley",Maharashtra,coal OB,88.6,24.6,24.4,1.0,75.0,0.0,33.0,75.0,33.0,,0.0,1.0,FEM shear-strength reduction,complete,True,"Kainthola A., Verma D., Gupte S.S., Singh T.N. (2011) A coal mine dump stability analysis - a case study. Geomaterials 1(1):1-13, doi:10.4236/gm.2011.11001 (Tables 1-3)","Mean peak strength of 6 samples tested at 30% saturation; residual c 36.5 kPa, phi 21.5 deg. 43 deg row is the actual failure (back-analysed SRF 0.8)","Kainthola et al. 2011, WCL (FEM-SRM)",no: Dump is 75 m high but a bench is 75 m; benches must not exceed 30 m
R027,"WCL internal dump, Wardha Valley (75 m, 31 deg)",WCL,"WCL internal dump, Wardha Valley",Maharashtra,coal OB,88.6,24.6,24.4,1.0,75.0,0.0,31.0,75.0,31.0,,0.0,1.07,FEM shear-strength reduction,complete,True,"Kainthola A., Verma D., Gupte S.S., Singh T.N. (2011) A coal mine dump stability analysis - a case study. Geomaterials 1(1):1-13, doi:10.4236/gm.2011.11001 (Tables 1-3)","Mean peak strength of 6 samples tested at 30% saturation; residual c 36.5 kPa, phi 21.5 deg. 43 deg row is the actual failure (back-analysed SRF 0.8)","Kainthola et al. 2011, WCL (FEM-SRM)",no: Dump is 75 m high but a bench is 75 m; benches must not exceed 30 m
R028,"WCL internal dump, Wardha Valley (75 m, 29 deg)",WCL,"WCL internal dump, Wardha Valley",Maharashtra,coal OB,88.6,24.6,24.4,1.0,75.0,0.0,29.0,75.0,29.0,,0.0,1.13,FEM shear-strength reduction,complete,True,"Kainthola A., Verma D., Gupte S.S., Singh T.N. (2011) A coal mine dump stability analysis - a case study. Geomaterials 1(1):1-13, doi:10.4236/gm.2011.11001 (Tables 1-3)","Mean peak strength of 6 samples tested at 30% saturation; residual c 36.5 kPa, phi 21.5 deg. 43 deg row is the actual failure (back-analysed SRF 0.8)","Kainthola et al. 2011, WCL (FEM-SRM)",no: Dump is 75 m high but a bench is 75 m; benches must not exceed 30 m
R029,"WCL internal dump, Wardha Valley (75 m, 27 deg)",WCL,"WCL internal dump, Wardha Valley",Maharashtra,coal OB,88.6,24.6,24.4,1.0,75.0,0.0,27.0,75.0,27.0,,0.0,1.2,FEM shear-strength reduction,complete,True,"Kainthola A., Verma D., Gupte S.S., Singh T.N. (2011) A coal mine dump stability analysis - a case study. Geomaterials 1(1):1-13, doi:10.4236/gm.2011.11001 (Tables 1-3)","Mean peak strength of 6 samples tested at 30% saturation; residual c 36.5 kPa, phi 21.5 deg. 43 deg row is the actual failure (back-analysed SRF 0.8)","Kainthola et al. 2011, WCL (FEM-SRM)",no: Dump is 75 m high but a bench is 75 m; benches must not exceed 30 m
R030,"WCL internal dump, Wardha Valley (75 m, 25 deg)",WCL,"WCL internal dump, Wardha Valley",Maharashtra,coal OB,88.6,24.6,24.4,1.0,75.0,0.0,25.0,75.0,25.0,,0.0,1.3,FEM shear-strength reduction,complete,True,"Kainthola A., Verma D., Gupte S.S., Singh T.N. (2011) A coal mine dump stability analysis - a case study. Geomaterials 1(1):1-13, doi:10.4236/gm.2011.11001 (Tables 1-3)","Mean peak strength of 6 samples tested at 30% saturation; residual c 36.5 kPa, phi 21.5 deg. 43 deg row is the actual failure (back-analysed SRF 0.8)","Kainthola et al. 2011, WCL (FEM-SRM)",no: Dump is 75 m high but a bench is 75 m; benches must not exceed 30 m
R031,"WCL internal dump, Wardha Valley (80 m, 25 deg)",WCL,"WCL internal dump, Wardha Valley",Maharashtra,coal OB,88.6,24.6,24.4,1.0,80.0,0.0,25.0,80.0,25.0,,0.0,1.26,FEM shear-strength reduction,complete,True,"Kainthola A., Verma D., Gupte S.S., Singh T.N. (2011) A coal mine dump stability analysis - a case study. Geomaterials 1(1):1-13, doi:10.4236/gm.2011.11001 (Tables 1-3)",Height sensitivity at 25 deg,"Kainthola et al. 2011, WCL (FEM-SRM)",no: Dump is 80 m high but a bench is 80 m; benches must not exceed 30 m
R032,"WCL internal dump, Wardha Valley (85 m, 25 deg)",WCL,"WCL internal dump, Wardha Valley",Maharashtra,coal OB,88.6,24.6,24.4,1.0,85.0,0.0,25.0,85.0,25.0,,0.0,1.22,FEM shear-strength reduction,complete,True,"Kainthola A., Verma D., Gupte S.S., Singh T.N. (2011) A coal mine dump stability analysis - a case study. Geomaterials 1(1):1-13, doi:10.4236/gm.2011.11001 (Tables 1-3)",Height sensitivity at 25 deg,"Kainthola et al. 2011, WCL (FEM-SRM)",no: Dump is 85 m high but a bench is 85 m; benches must not exceed 30 m
R033,"WCL internal dump, Wardha Valley (90 m, 25 deg)",WCL,"WCL internal dump, Wardha Valley",Maharashtra,coal OB,88.6,24.6,24.4,1.0,90.0,0.0,25.0,90.0,25.0,,0.0,1.22,FEM shear-strength reduction,complete,True,"Kainthola A., Verma D., Gupte S.S., Singh T.N. (2011) A coal mine dump stability analysis - a case study. Geomaterials 1(1):1-13, doi:10.4236/gm.2011.11001 (Tables 1-3)",Height sensitivity at 25 deg,"Kainthola et al. 2011, WCL (FEM-SRM)",no: Dump is 90 m high but a bench is 90 m; benches must not exceed 30 m
R034,"WCL internal dump, Wardha Valley (95 m, 25 deg)",WCL,"WCL internal dump, Wardha Valley",Maharashtra,coal OB,88.6,24.6,24.4,1.0,95.0,0.0,25.0,95.0,25.0,,0.0,1.2,FEM shear-strength reduction,complete,True,"Kainthola A., Verma D., Gupte S.S., Singh T.N. (2011) A coal mine dump stability analysis - a case study. Geomaterials 1(1):1-13, doi:10.4236/gm.2011.11001 (Tables 1-3)",Height sensitivity at 25 deg,"Kainthola et al. 2011, WCL (FEM-SRM)",no: Dump is 95 m high but a bench is 95 m; benches must not exceed 30 m
R035,Lakhanpur OCP,MCL,Lakhanpur OCP,Odisha,coal OB,90.7,25.17,21.5,2.0,30.0,25.0,37.0,60.0,29.83,,0.0,,SLIDE2 (Bishop/GLE),partial,False,"Abhishek, Shamshad A., Jayanthu S. - AI enabled TARP for stability of dump slopes (ICSSMT-26 draft)",Add the FOS from your own SLIDE2 run for this section,"Abhishek, Shamshad A., Jayanthu S. - AI  (SLIDE2 (Bishop/GLE))",yes
R036,Jayant OCP dragline dump (pre-failure 2008),NCL,Jayant OCP dragline dump,Madhya Pradesh,coal OB,75.0,25.0,20.0,1.0,85.0,,,85.0,,,,0.94,"LEM (Fellenius/Bishop, with water table and interface)",excluded,False,"Sharma S., Roy I. (2015) Slope failure of waste rock dump at Jayant opencast mine, India. Int. J. Appl. Eng. Res. 10(13):33006-33012; strengths also in Sharma, Sengupta & Roy (2015) ARPN J. Earth Sci. 4(2)","Failure controlled by weak submerged interface (c 40 kPa, phi 21 deg) and seepage - mechanisms not in model features; gamma ~20 kN/m3 approximate; overall angle to confirm","Sharma S., Roy I. (LEM (Fellenius/Bishop, with water table and interface))",unknown
R037,Jayant OCP dragline dump (recommended profile),NCL,Jayant OCP dragline dump,Madhya Pradesh,coal OB,75.0,25.0,20.0,1.0,85.0,,37.0,85.0,37.0,,,1.1,LEM (Fellenius/Bishop),excluded,False,"Sharma S., Roy I. (2015) Slope failure of waste rock dump at Jayant opencast mine, India. Int. J. Appl. Eng. Res. 10(13):33006-33012; strengths also in Sharma, Sengupta & Roy (2015) ARPN J. Earth Sci. 4(2)",Recommended 37 deg overall for 85 m; includes interface/seepage conditions,"Sharma S., Roy I. (LEM (Fellenius/Bishop))",no: Dump is 85 m high but a bench is 85 m; benches must not exceed 30 m; Overall slope 37.0 deg is steeper than 1V:1.5H (33.7 deg)
R038,Indian opencast coal mine 3-deck dump (Slide Bishop),not named,Indian opencast coal mine 3-deck dump,India,coal OB,82.0,23.0,18.9,3.0,,,,,,,0.0,1.32,Slide Bishop,partial,False,"Sathish Kumar M., Raj Kumar M. (2022) Evaluation of dump slope stability using Slide, Geoslope and Phase2 software. J. Machine and Computing 2(1):33-41, doi:10.53759/7669/jmc202202005","c, phi = mean of 3 deck samples (84/82/80 kPa, 24/24/21 deg); gamma from mean MDD 1.93 g/cc; deck heights/angles not reported - ask authors or read figures","Sathish Kumar M., Raj Kumar M. (Slide Bishop)",unknown
R039,Indian opencast coal mine 3-deck dump (Slide Spencer),not named,Indian opencast coal mine 3-deck dump,India,coal OB,82.0,23.0,18.9,3.0,,,,,,,0.0,1.3,Slide Spencer,partial,False,"Sathish Kumar M., Raj Kumar M. (2022) Evaluation of dump slope stability using Slide, Geoslope and Phase2 software. J. Machine and Computing 2(1):33-41, doi:10.53759/7669/jmc202202005","c, phi = mean of 3 deck samples (84/82/80 kPa, 24/24/21 deg); gamma from mean MDD 1.93 g/cc; deck heights/angles not reported - ask authors or read figures","Sathish Kumar M., Raj Kumar M. (Slide Spencer)",unknown
R040,Indian opencast coal mine 3-deck dump (Geoslope Bishop),not named,Indian opencast coal mine 3-deck dump,India,coal OB,82.0,23.0,18.9,3.0,,,,,,,0.0,1.36,Geoslope Bishop,partial,False,"Sathish Kumar M., Raj Kumar M. (2022) Evaluation of dump slope stability using Slide, Geoslope and Phase2 software. J. Machine and Computing 2(1):33-41, doi:10.53759/7669/jmc202202005","c, phi = mean of 3 deck samples (84/82/80 kPa, 24/24/21 deg); gamma from mean MDD 1.93 g/cc; deck heights/angles not reported - ask authors or read figures","Sathish Kumar M., Raj Kumar M. (Geoslope Bishop)",unknown
R041,Indian opencast coal mine 3-deck dump (Geoslope Spencer),not named,Indian opencast coal mine 3-deck dump,India,coal OB,82.0,23.0,18.9,3.0,,,,,,,0.0,1.35,Geoslope Spencer,partial,False,"Sathish Kumar M., Raj Kumar M. (2022) Evaluation of dump slope stability using Slide, Geoslope and Phase2 software. J. Machine and Computing 2(1):33-41, doi:10.53759/7669/jmc202202005","c, phi = mean of 3 deck samples (84/82/80 kPa, 24/24/21 deg); gamma from mean MDD 1.93 g/cc; deck heights/angles not reported - ask authors or read figures","Sathish Kumar M., Raj Kumar M. (Geoslope Spencer)",unknown
R042,Indian opencast coal mine 3-deck dump (Phase2 FEM),not named,Indian opencast coal mine 3-deck dump,India,coal OB,82.0,23.0,18.9,3.0,,,,,,,0.0,1.28,Phase2 FEM,partial,False,"Sathish Kumar M., Raj Kumar M. (2022) Evaluation of dump slope stability using Slide, Geoslope and Phase2 software. J. Machine and Computing 2(1):33-41, doi:10.53759/7669/jmc202202005","c, phi = mean of 3 deck samples (84/82/80 kPa, 24/24/21 deg); gamma from mean MDD 1.93 g/cc; deck heights/angles not reported - ask authors or read figures","Sathish Kumar M., Raj Kumar M. (Phase2 FEM)",unknown
R043,Indian opencast coal mine 3-deck dump (piezometric line 50 m),not named,Indian opencast coal mine 3-deck dump,India,coal OB,82.0,23.0,18.9,3.0,,,,,,,,1.07,Phase2 FEM-SRM,partial,False,"Sathish Kumar M., Raj Kumar M. (2022) Evaluation of dump slope stability using Slide, Geoslope and Phase2 software. J. Machine and Computing 2(1):33-41, doi:10.53759/7669/jmc202202005",Water table 50 m above base - convert to r_u once dump height is known,"Sathish Kumar M., Raj Kumar M. (Phase2 FEM-SRM)",unknown
R044,Indian opencast coal mine 3-deck dump (piezometric line 45 m),not named,Indian opencast coal mine 3-deck dump,India,coal OB,82.0,23.0,18.9,3.0,,,,,,,,1.13,Phase2 FEM-SRM,partial,False,"Sathish Kumar M., Raj Kumar M. (2022) Evaluation of dump slope stability using Slide, Geoslope and Phase2 software. J. Machine and Computing 2(1):33-41, doi:10.53759/7669/jmc202202005",Water table 45 m above base - convert to r_u once dump height is known,"Sathish Kumar M., Raj Kumar M. (Phase2 FEM-SRM)",unknown
R045,Indian opencast coal mine 3-deck dump (piezometric line 40 m),not named,Indian opencast coal mine 3-deck dump,India,coal OB,82.0,23.0,18.9,3.0,,,,,,,,1.19,Phase2 FEM-SRM,partial,False,"Sathish Kumar M., Raj Kumar M. (2022) Evaluation of dump slope stability using Slide, Geoslope and Phase2 software. J. Machine and Computing 2(1):33-41, doi:10.53759/7669/jmc202202005",Water table 40 m above base - convert to r_u once dump height is known,"Sathish Kumar M., Raj Kumar M. (Phase2 FEM-SRM)",unknown
R046,Indian opencast coal mine 3-deck dump (piezometric line 35 m),not named,Indian opencast coal mine 3-deck dump,India,coal OB,82.0,23.0,18.9,3.0,,,,,,,,1.24,Phase2 FEM-SRM,partial,False,"Sathish Kumar M., Raj Kumar M. (2022) Evaluation of dump slope stability using Slide, Geoslope and Phase2 software. J. Machine and Computing 2(1):33-41, doi:10.53759/7669/jmc202202005",Water table 35 m above base - convert to r_u once dump height is known,"Sathish Kumar M., Raj Kumar M. (Phase2 FEM-SRM)",unknown
R047,Indian opencast coal mine 3-deck dump (piezometric line 30 m),not named,Indian opencast coal mine 3-deck dump,India,coal OB,82.0,23.0,18.9,3.0,,,,,,,,1.27,Phase2 FEM-SRM,partial,False,"Sathish Kumar M., Raj Kumar M. (2022) Evaluation of dump slope stability using Slide, Geoslope and Phase2 software. J. Machine and Computing 2(1):33-41, doi:10.53759/7669/jmc202202005",Water table 30 m above base - convert to r_u once dump height is known,"Sathish Kumar M., Raj Kumar M. (Phase2 FEM-SRM)",unknown
R048,Indian opencast coal mine 3-deck dump (piezometric line 25 m),not named,Indian opencast coal mine 3-deck dump,India,coal OB,82.0,23.0,18.9,3.0,,,,,,,,1.28,Phase2 FEM-SRM,partial,False,"Sathish Kumar M., Raj Kumar M. (2022) Evaluation of dump slope stability using Slide, Geoslope and Phase2 software. J. Machine and Computing 2(1):33-41, doi:10.53759/7669/jmc202202005",Water table 25 m above base - convert to r_u once dump height is known,"Sathish Kumar M., Raj Kumar M. (Phase2 FEM-SRM)",unknown
R049,"Coal mine OB + 20% fly ash dump (60 m, 28 deg)",not named,Coal mine OB + 20% fly ash dump,India,coal OB + 20% fly ash,,,,1.0,60.0,,28.0,60.0,28.0,,,4.47,FLAC/Slope (FDM-SRM),partial,False,"Pradhan S.P., Vishal V., Singh T.N., Singh V.K. (2014) Optimisation of dump slope geometry vis-a-vis flyash utilisation using numerical simulation. Am. J. Mining Metall. 2(1):1-7, doi:10.12691/ajmm-2-1-1",Material strengths not given in the text - take from the paper's property table,"Pradhan S.P., Vishal V., Singh T.N., Sin (FLAC/Slope (FDM-SRM))",no: Dump is 60 m high but a bench is 60 m; benches must not exceed 30 m
R050,"Coal mine OB + 20% fly ash dump (60 m, 32 deg)",not named,Coal mine OB + 20% fly ash dump,India,coal OB + 20% fly ash,,,,1.0,60.0,,32.0,60.0,32.0,,,2.48,FLAC/Slope (FDM-SRM),partial,False,"Pradhan S.P., Vishal V., Singh T.N., Singh V.K. (2014) Optimisation of dump slope geometry vis-a-vis flyash utilisation using numerical simulation. Am. J. Mining Metall. 2(1):1-7, doi:10.12691/ajmm-2-1-1",Material strengths not given in the text - take from the paper's property table,"Pradhan S.P., Vishal V., Singh T.N., Sin (FLAC/Slope (FDM-SRM))",no: Dump is 60 m high but a bench is 60 m; benches must not exceed 30 m
R051,"Coal mine OB + 20% fly ash dump (60 m, 34 deg)",not named,Coal mine OB + 20% fly ash dump,India,coal OB + 20% fly ash,,,,1.0,60.0,,34.0,60.0,34.0,,,1.67,FLAC/Slope (FDM-SRM),partial,False,"Pradhan S.P., Vishal V., Singh T.N., Singh V.K. (2014) Optimisation of dump slope geometry vis-a-vis flyash utilisation using numerical simulation. Am. J. Mining Metall. 2(1):1-7, doi:10.12691/ajmm-2-1-1",Material strengths not given in the text - take from the paper's property table,"Pradhan S.P., Vishal V., Singh T.N., Sin (FLAC/Slope (FDM-SRM))",no: Dump is 60 m high but a bench is 60 m; benches must not exceed 30 m; Overall slope 34.0 deg is steeper than 1V:1.5H (33.7 deg)
R052,"Coal mine OB + 20% fly ash dump (60 m, 36 deg)",not named,Coal mine OB + 20% fly ash dump,India,coal OB + 20% fly ash,,,,1.0,60.0,,36.0,60.0,36.0,,,1.33,FLAC/Slope (FDM-SRM),partial,False,"Pradhan S.P., Vishal V., Singh T.N., Singh V.K. (2014) Optimisation of dump slope geometry vis-a-vis flyash utilisation using numerical simulation. Am. J. Mining Metall. 2(1):1-7, doi:10.12691/ajmm-2-1-1",Material strengths not given in the text - take from the paper's property table,"Pradhan S.P., Vishal V., Singh T.N., Sin (FLAC/Slope (FDM-SRM))",no: Dump is 60 m high but a bench is 60 m; benches must not exceed 30 m; Overall slope 36.0 deg is steeper than 1V:1.5H (33.7 deg)
R053,"Marki Mangli-I (ch 450 m, existing)",captive block (verify),Marki Mangli-I,Maharashtra,coal OB,150.0,21.1,,,,,,,,,,1.77,LEM (Bishop/Spencer),partial,False,"Geete et al. - Stability analysis of OB dump slope, Marki Mangli-I coal mine, IGC 2021 (Springer 2023)","c, phi at OMC; add unit weight and section geometry from the paper",Geete et al. - Stability analysis of OB  (LEM (Bishop/Spencer)),unknown
R054,"Marki Mangli-I (ch 450 m, extended)",captive block (verify),Marki Mangli-I,Maharashtra,coal OB,150.0,21.1,,,,,,,,,,1.37,LEM (Bishop/Spencer),partial,False,"Geete et al. - Stability analysis of OB dump slope, Marki Mangli-I coal mine, IGC 2021 (Springer 2023)","c, phi at OMC; add unit weight and section geometry from the paper",Geete et al. - Stability analysis of OB  (LEM (Bishop/Spencer)),unknown
R055,"Marki Mangli-I (ch 550 m, existing)",captive block (verify),Marki Mangli-I,Maharashtra,coal OB,150.0,21.1,,,,,,,,,,1.6,LEM (Bishop/Spencer),partial,False,"Geete et al. - Stability analysis of OB dump slope, Marki Mangli-I coal mine, IGC 2021 (Springer 2023)","c, phi at OMC; add unit weight and section geometry from the paper",Geete et al. - Stability analysis of OB  (LEM (Bishop/Spencer)),unknown
R056,"Marki Mangli-I (ch 550 m, extended)",captive block (verify),Marki Mangli-I,Maharashtra,coal OB,150.0,21.1,,,,,,,,,,1.45,LEM (Bishop/Spencer),partial,False,"Geete et al. - Stability analysis of OB dump slope, Marki Mangli-I coal mine, IGC 2021 (Springer 2023)","c, phi at OMC; add unit weight and section geometry from the paper",Geete et al. - Stability analysis of OB  (LEM (Bishop/Spencer)),unknown
R057,Singareni 'Mine A' dump No.1 (initial design),SCCL,Singareni 'Mine A' dump No.1,Telangana,coal OB,0.0,26.0,20.3,,,,,90.0,,,,1.49,LEM Bishop simplified,partial,False,Poulsen B. et al. (2014) Mine overburden dump failure: a case study. Geotech. Geol. Eng. 32:297-309,Design model (Fig. 6); failure was controlled by black-cotton-soil foundation (phi 6 deg) - add slope angle,Poulsen B. et al. (LEM Bishop simplified),unknown
R058,Sonepur Bazari OCP,ECL,Sonepur Bazari OCP,West Bengal,coal OB,,,,,,,,,,,,0.92,FEM-SRM,partial,False,"Rajhans, Ekbote & Bhatt (2022) Materials Today: Proceedings 65:735-740",Critical external dump; add material and geometry from paper,"Rajhans, Ekbote & Bhatt (FEM-SRM)",unknown
R059,Jambad OCP,ECL,Jambad OCP,West Bengal,coal OB,,35.0,,,,,30.0,,,,0.0,1.3,FEM,partial,False,Assessment of OB dump and highwall slope stability for Jambad OCP using in-situ and laboratory testing,phi = mean of 34.5/38.8/31.7 deg samples; FOS ~1.3 at 30 deg bench slope,Assessment of OB dump and highwall slope (FEM),unknown
R060,Dhanbad OB dumps (dry),BCCL area,Dhanbad OB dumps,Jharkhand,coal OB,2.44,34.5,,1.0,60.0,,,60.0,,,0.0,1.106,FELA upper bound,partial,False,"Kumar A. et al. (2026) Probabilistic slope stability of variably saturated OB dump slopes, Sci Rep 16:1791",Slope angle between 25-35 deg - check Fig. 5; unit weight not stated,Kumar A. et al. (FELA upper bound),unknown
R061,Dhanbad OB dumps (saturated flow),BCCL area,Dhanbad OB dumps,Jharkhand,coal OB,2.44,34.5,,1.0,60.0,,,60.0,,,,1.076,FELA upper bound,partial,False,"Kumar A. et al. (2026) Probabilistic slope stability of variably saturated OB dump slopes, Sci Rep 16:1791",Slope angle between 25-35 deg - check Fig. 5; unit weight not stated,Kumar A. et al. (FELA upper bound),unknown
R062,"Amlohri OCP internal dump (80 m, 36 deg)",NCL,Amlohri OCP internal dump,Madhya Pradesh,coal OB,,,,1.0,80.0,,36.0,80.0,36.0,,,1.2,LEM (Fellenius/Bishop) design target,partial,False,"Stability analysis of overburden internal dump material of Amlohri opencast coal mine, India",Profiles recommended for FOS 1.2 with 15 m water table - add material strength,Stability analysis of overburden interna (LEM (Fellenius/Bishop) design target),no: Dump is 80 m high but a bench is 80 m; benches must not exceed 30 m; Overall slope 36.0 deg is steeper than 1V:1.5H (33.7 deg)
R063,"Amlohri OCP internal dump (87 m, 35 deg)",NCL,Amlohri OCP internal dump,Madhya Pradesh,coal OB,,,,1.0,87.0,,35.0,87.0,35.0,,,1.2,LEM (Fellenius/Bishop) design target,partial,False,"Stability analysis of overburden internal dump material of Amlohri opencast coal mine, India",Profiles recommended for FOS 1.2 with 15 m water table - add material strength,Stability analysis of overburden interna (LEM (Fellenius/Bishop) design target),no: Dump is 87 m high but a bench is 87 m; benches must not exceed 30 m; Overall slope 35.0 deg is steeper than 1V:1.5H (33.7 deg)
